<?xml version="1.0" encoding="UTF-8"?>
<!DOCTYPE mapper PUBLIC "-//mybatis.org//DTD Mapper 3.0//EN" "http://mybatis.org/dtd/mybatis-3-mapper.dtd">
<mapper namespace="User">
	<resultMap type="User" id="userResultMap">
		<id property="userId" column="USER_ID"></id>
		<result property="userPw" column="USER_PW"/>
		<result property="userName" column="USER_NAME"/>
		<result property="userEmail" column="USER_EMAIL"/>
		<result property="userPhone" column="USER_PHONE"/>
		<result property="userAddress" column="USER_ADDRESS"/>
		<result property="userType" column="USER_TYPE"/>
		<result property="uCreateDate" column="U_CREATE_DATE"/>
	</resultMap>
	
	<!-- 쿼리문 작성 부분 -->
</mapper>